qualite_echantillon,temperature_celsius,delai_heures,type_prelevement,centrifuge,niveau_hemolyse,resultat_qualite
bon,3.875663946843396,0.42702495488599046,capillaire,1,0.0,0
mauvais,11.471765290798377,16.97140635117269,veineux,1,0.3934963446340672,1
moyen,12.381376797765233,1.0559624176961988,veineux,1,0.3292615388133903,0
moyen,10.946207135671003,2.284228151977149,capillaire,1,0.38062180569096427,0
bon,6.929703266194915,1.1765395598567936,veineux,1,0.1799411450037291,0
bon,8.231165647096464,1.7186160083681676,capillaire,1,0.0,0
bon,2.531302256240156,8.189581533220137,arteriel,1,0.08469117269295512,0
mauvais,21.679079193555904,41.554954718988306,arteriel,1,0.787682539899329,1
moyen,13.34023211633647,7.58616444064644,veineux,1,0.14009517425584792,0
moyen,13.264623828731112,2.4734373159619567,veineux,1,0.29226866870885226,0
bon,3.3807929601567075,1.8695429920776057,arteriel,0,0.035477925899442535,0
mauvais,25.324635811508706,3.3447783150357697,capillaire,1,0.4359013113189936,1
moyen,15.027154719947928,4.038294767629455,veineux,1,0.5023768573333057,0
bon,4.9710954582434415,0.1324819892575126,arteriel,1,0.08012367181411817,0
bon,6.092568496007399,1.8133871126365364,capillaire,1,0.10200289453966947,0
bon,5.0128445396218755,2.690928174330804,veineux,1,0.0,0
bon,4.127228218946863,0.4739015948389249,veineux,0,0.03861145104381827,0
moyen,11.462012862393069,5.259469693747764,veineux,1,0.0072595630675669764,0
bon,4.82327408158933,0.06164804398719881,veineux,1,0.03069436119569292,0
bon,4.2599779402357445,3.7134007974683465,veineux,1,0.10076104459071528,0
moyen,16.327066910691315,12.615695735973556,capillaire,1,0.25846659663467947,0
bon,8.197294341009433,0.4907474923650622,veineux,1,0.18034295815748852,0
bon,6.121838895882478,0.2872284392387655,veineux,1,0.05967031835948585,0
bon,4.409039363941679,6.128329215016036,veineux,0,0.052984594028986816,0
bon,6.393908809021472,0.15088206304784618,veineux,1,0.055309145972010816,0
moyen,16.363921700743866,4.666118976665835,arteriel,1,0.6136641409098715,0
bon,7.346249275173283,0.8548765618147648,veineux,1,0.047108169381120314,0
moyen,16.094838184427925,7.98311571580673,veineux,1,0.29130741873559235,0
moyen,12.997234382566916,6.366816872903973,capillaire,1,0.3882115012751748,0
bon,5.895433851620555,0.2685341661563596,veineux,1,0.010327013505826432,0
moyen,12.579551332387565,3.1163318806382896,veineux,1,0.44188322348319586,0
bon,2.7464650621803894,0.545591573021044,veineux,1,0.02748990541670783,0
bon,2.612149987201889,0.4804340911186651,veineux,1,0.053693171720544025,0
mauvais,19.331998467804166,6.612549796715198,veineux,1,0.6701088613670022,0
mauvais,28.10410649406524,6.742255230389045,veineux,0,0.4138337596750656,1
moyen,18.129470898712462,3.9911711253632975,veineux,1,0.22089164075405698,0
bon,6.276102202881514,0.9135553728463964,arteriel,1,0.057215500971753944,0
bon,6.001688949888914,0.991602864707454,veineux,1,0.0,0
moyen,13.470597171965686,9.0483336502684,veineux,0,0.4177777623465564,0
bon,3.9146524005319563,6.187411696775183,capillaire,0,0.016005573013190687,0
bon,3.424432496183522,3.220252125831439,veineux,1,0.010201481307475085,0
bon,3.7583048034977677,0.5532440440259808,capillaire,1,0.05959447725108237,0
bon,4.663712362830421,0.14092500335415165,veineux,1,0.04197201952491013,0
mauvais,10.915905803229677,15.074043853476805,arteriel,1,1.0,1
bon,1.0414003792484245,0.6206586582047245,veineux,1,0.07139813132763176,0
moyen,9.977013182952254,3.4745096550679637,veineux,1,0.5030180471431804,0
bon,2.854513948520387,3.0077060345126205,veineux,1,0.13196282583708763,0
moyen,17.926653609850394,0.5122500492822375,arteriel,1,0.5165505478749357,0
moyen,19.85034876212318,1.8053211078049358,veineux,1,0.3437068477223919,0
bon,3.1612308168271532,0.8915605909758006,veineux,1,0.04109883549680808,0
mauvais,21.010311355076592,4.542051910725283,veineux,1,0.6046897153561517,1
moyen,17.365903662123525,13.181384631263246,capillaire,1,0.40981214271495336,0
mauvais,12.84158876396987,9.75967555656707,veineux,1,0.5212809972561758,1
mauvais,16.743450441803276,0.7734380629496311,capillaire,1,0.3717239768795806,0
moyen,16.92349805261894,4.468566008999014,veineux,1,0.29473552998231084,0
mauvais,31.288511717688664,2.0165745245608653,veineux,0,0.46066688154312074,1
bon,4.069379086439893,0.799103063543024,veineux,1,0.02756521586902579,0
bon,4.788103291391729,2.364276110682943,veineux,1,0.061712963222838285,0
bon,10.28868669403407,2.9069674862617174,veineux,1,0.07994981708421321,0
bon,1.9940593432096936,0.7250831982315024,veineux,1,0.09266744886700734,0
bon,5.5074793229891466,3.3386626317882704,capillaire,1,0.025290498846654366,0
bon,5.935386343530866,0.6960442909427753,veineux,1,0.06419222836513684,0
moyen,18.2166416828591,7.1813638899858745,veineux,0,0.47060716464433705,0
bon,5.1959663069417905,2.5967027012414303,veineux,1,0.10827974475720642,0
bon,5.616101079008205,2.3612954509774964,veineux,0,0.04705835729342389,0
moyen,13.853154120472425,4.206063985039436,veineux,0,0.13091043111687792,0
bon,5.538253882490214,0.510200088796951,veineux,1,0.05955621169181961,0
moyen,14.232558058074025,2.8291926172999364,veineux,0,0.3483756990434857,0
bon,6.243143779712102,1.881586504979661,capillaire,1,0.0403195244482246,0
mauvais,23.565660700065777,0.896996616267741,arteriel,1,0.6272853410169942,1
moyen,12.965287739667124,0.770336297096847,veineux,1,0.3751375993628786,0
bon,4.941474372630044,2.787026014628955,veineux,0,0.03648661978180555,0
bon,7.252100501544336,1.6799033621046973,capillaire,0,0.06088591005435833,0
moyen,11.182115116055513,1.9262602468690337,veineux,1,0.4835904516356835,0
moyen,19.021902793261958,10.128486341931131,veineux,1,0.06428700024925493,0
moyen,18.292078900859426,10.653702882814676,veineux,1,0.16014431352270192,0
moyen,10.136777723527349,2.1553495889210468,capillaire,1,0.0,0
bon,3.6924673227023606,4.396461161039542,capillaire,1,0.03191380819533067,0
bon,3.808677411913016,1.6847101196117045,veineux,1,0.04685530665500709,0
bon,7.748876186341635,1.9978366542547987,veineux,1,0.027606117753402083,0
mauvais,25.20271467537387,0.09207812273984886,veineux,1,0.9665102935330255,1
moyen,8.96687172444964,2.92285284478043,capillaire,0,0.07164985225773837,0
bon,7.112113618132104,0.5301681675278442,veineux,1,0.12964820480136907,0
bon,5.4464778282583195,1.3545544716066276,veineux,1,0.12326052517406905,0
bon,4.890211998767427,0.7428094609516299,capillaire,1,0.005422825507274763,0
bon,5.571108149715314,0.40120796767998324,veineux,0,0.05348521347146401,0
moyen,15.581421723050399,2.359550978101458,capillaire,0,0.10926772186615741,0
moyen,9.473689083338675,2.2891147020281415,veineux,1,0.12703735023903265,0
mauvais,26.79192909921021,21.327226596499784,veineux,1,0.5860602074148537,1
bon,5.179161362510498,1.2471878240269452,veineux,1,0.03462142914421004,0
bon,4.605323159385348,0.2860884399080486,capillaire,1,0.06801130185387144,0
moyen,13.818963648564537,3.71436347581243,capillaire,1,0.34869873532537776,0
moyen,9.934281424449713,5.5543453671670475,capillaire,1,0.32144859522138247,0
moyen,11.214133666287612,1.5697157886712882,veineux,1,0.04109840719998503,0
moyen,11.176562276478638,1.6253471168622178,capillaire,1,0.2594449954858245,0
bon,-0.8807772693285605,2.9911228121820077,veineux,1,0.0057014633051111555,0
moyen,11.292903347536871,6.428347525049536,veineux,1,0.5929660797408861,0
bon,5.389472389437549,2.9200076856710893,capillaire,1,0.07722912003968141,0
bon,4.962582487108206,0.24199965399098233,veineux,0,0.1527096920628035,0
bon,4.222963093822228,2.065132067970618,veineux,1,0.05739103695182635,0
bon,7.2482254399720265,3.595452016339211,veineux,0,0.0,0
moyen,11.034010216516885,3.5617404515091,veineux,1,0.3175686324224777,0
bon,3.4542446643527818,2.079219611963342,veineux,1,0.027056157748750156,0
moyen,13.917766072344255,2.2269361852603593,veineux,1,0.15912666453439775,0
mauvais,32.62385701508481,5.276730594065331,veineux,1,0.7146673489556273,1
bon,2.240763670422139,0.06996328680903927,capillaire,1,0.0905130022187667,0
bon,3.74656555082007,2.037549787376217,capillaire,1,0.0,0
moyen,7.831822351027588,2.627155179365433,veineux,1,0.0,0
bon,6.906250090752174,1.14191075771995,veineux,1,0.12634063317886327,0
bon,6.026170840194586,0.6924737856294044,veineux,1,0.14512791026147798,0
bon,6.450191573695994,1.57679770508331,veineux,1,0.19326060115429816,0
bon,6.032356574229917,0.28639323996925514,veineux,1,0.0049003675278401285,0
mauvais,28.197920032207808,11.126232561581626,capillaire,1,0.6193424416178122,1
moyen,12.725706480455885,3.553562601263522,veineux,1,0.4881778053571785,0
moyen,14.380117863342258,1.3927827212950536,veineux,1,0.4201052921318365,0
mauvais,25.02060444794259,13.414702971609447,veineux,0,0.6632943655685694,1
moyen,10.348008711426264,0.9210361424301903,veineux,1,0.3838085755416728,0
bon,6.416607694402128,4.193217100727833,arteriel,1,0.06995220703232631,0
mauvais,28.296166198933996,11.057985943710282,capillaire,0,0.7226912080113105,1
moyen,8.606285463236741,1.6863217861131674,veineux,1,0.4865203692518945,0
moyen,14.2925112529648,1.4215254459727675,capillaire,1,0.18309370121098245,0
mauvais,27.0356666823658,1.4222516272016772,veineux,1,0.9037846480179796,1
bon,4.673866072112472,4.049900529393362,capillaire,1,0.05707978933699415,0
bon,3.510194710387102,3.5226840441555867,capillaire,1,0.07376293023586558,0
bon,3.649643450051237,1.9672915459299989,veineux,1,0.10853308146588302,0
bon,4.710962658568964,0.15652580434678837,veineux,1,0.0,0
moyen,13.39920009827163,1.5987292240250066,veineux,1,0.30795889693989287,0
mauvais,22.003414094787413,2.472558977745158,veineux,0,0.6369836144182153,1
bon,1.2127706660924287,0.5954088348821933,capillaire,1,0.05833189476559193,0
moyen,4.895014666134193,6.184840812922564,veineux,1,0.5515673805280306,0
bon,5.002410950724449,0.6023400283026276,veineux,1,0.0,0
bon,3.3658227378636187,0.9724548303491272,capillaire,1,0.0,0
bon,6.31849133686481,5.7288040458218,arteriel,1,0.0,0
bon,6.875140275253116,1.8851465218053558,veineux,1,0.02254205291181118,0
mauvais,22.17013705536116,3.15188380116098,veineux,1,0.5141727318980482,1
bon,3.4745504428675718,2.4781743251522337,veineux,0,0.043970640576326527,0
moyen,18.955405407413323,3.8886549003869413,veineux,1,0.16837739667665524,0
moyen,10.715028935528354,3.064336092110908,arteriel,1,0.08893692078239746,0
bon,6.658949683863497,0.6434400435732262,veineux,1,0.0,0
mauvais,25.67318772729665,8.69809389630641,veineux,1,0.4118036730950162,1
mauvais,17.07098095666087,13.089227291158704,veineux,1,0.8917632612935344,1
bon,0.9922752711864931,12.12571768340296,veineux,1,0.0,0
bon,6.2708360604184525,0.6118318860122791,capillaire,1,0.1056317152601651,0
bon,2.521483210293055,0.6545942323002407,capillaire,1,0.0464439854584832,0
bon,5.119865260532657,5.337820200542134,veineux,1,0.05427973519722627,0
bon,5.554753875916384,0.049906322564929974,veineux,1,0.0360813516196053,0
moyen,11.804411266103578,2.2062684136883757,veineux,1,0.0,0
moyen,6.3792406127857,0.8972511118503558,arteriel,1,0.3530655946337084,0
bon,-1.0390243116416507,3.6203998369236383,capillaire,1,0.06675271759560858,0
bon,5.36769908950739,7.333399359021609,veineux,1,0.07823945529538241,0
mauvais,17.82838477254209,6.597397024167972,capillaire,1,0.4520823974949943,0
bon,7.477892705878874,0.13500958181322742,capillaire,1,0.07711015034545243,0
bon,5.419318830549251,3.450138909396424,veineux,1,0.03310611122630966,0
bon,4.0167276287359055,2.0786685362899324,arteriel,1,0.050111581108120105,0
mauvais,24.982205687908763,1.0183200483296393,veineux,0,1.0,1
bon,3.0529076005910625,0.27473445520332773,veineux,1,0.027139073034040204,0
moyen,18.25155507403279,6.760599261616706,veineux,0,0.1739260521739963,0
moyen,10.904027672682783,8.789987215553502,veineux,1,0.40308576755929326,0
bon,7.12041981499776,4.856717754263669,veineux,1,0.11553029564067317,0
moyen,10.800647214900478,11.028943458471648,capillaire,1,0.17378257288064872,0
bon,5.784831934357534,0.08153560299014384,veineux,1,0.0,0
moyen,18.503835661448253,3.7756697525268152,capillaire,1,0.2933090201725498,0
moyen,20.875120933792537,0.14117980191618057,veineux,1,0.5013270196867281,0
moyen,11.363819158399794,1.4161695467034185,veineux,1,0.009886838181063451,0
bon,3.6105737378218836,1.2299428497691083,veineux,1,0.00468923339763945,0
moyen,5.9334298023168355,4.951084565427672,veineux,1,0.39373553919810644,0
bon,3.951823204130815,1.113371716131574,capillaire,1,0.06568615914484535,0
bon,5.304709744067444,1.2660804525936897,veineux,1,0.0,0
bon,3.355160135235599,5.277669629782799,veineux,1,0.08041335831720947,0
moyen,7.610789889468624,4.161501529512491,veineux,1,0.2723172836721082,0
moyen,9.644532693045216,0.46135634851215934,capillaire,1,0.3888494320520015,0
bon,4.981399357722771,1.4902214598815384,arteriel,1,0.11800840654140066,0
moyen,9.568498957296729,6.9346894998250255,capillaire,0,0.24143868925792933,0
bon,5.310381367717958,7.192107308362559,veineux,0,0.09247922655233087,0
moyen,9.806924820299692,23.35801232092294,veineux,1,0.20212075601750323,0
bon,3.2657395685781996,1.2996672280360102,veineux,1,0.17093888896567316,0
moyen,7.58054882774992,3.4476616019736115,veineux,1,0.22080089673515796,0
bon,4.3925479424466705,2.294628813159515,veineux,1,0.03576872478731606,0
mauvais,22.746817411355945,26.947980753565094,veineux,1,0.51482201922177,1
bon,3.361484280557004,2.5127953056334813,veineux,1,0.06440141841527447,0
bon,4.047558252910682,0.6243409060704408,veineux,1,0.0,0
bon,6.748778361425455,0.7586256042333176,capillaire,0,0.0722426768778744,0
mauvais,22.8024481198674,7.306406097242572,veineux,1,0.7063518913162901,1
mauvais,33.06265519698621,1.194698405300208,veineux,1,0.7151347081226772,1
bon,6.701795924335944,0.08122138230871051,capillaire,1,0.10604835118071888,0
moyen,13.93550660475216,10.97310746119146,veineux,0,0.0,0
moyen,7.590831400654307,1.9954805127140993,capillaire,1,0.5049584117781658,0
moyen,14.725438041771792,1.8886731341513112,veineux,1,0.18933949429727387,0
moyen,13.63442923080707,3.5881069961613288,veineux,1,0.4029851620129764,0
bon,3.8344826847768356,1.22979500759876,capillaire,1,0.09889361361055689,0
bon,0.12236568344714183,0.16018531435935543,capillaire,1,0.036481430043210444,0
mauvais,24.952110306257318,1.8725562129893858,capillaire,1,0.8468953490002435,1
mauvais,21.28926731529727,3.1089596937888597,veineux,1,0.2845760292452251,0
moyen,16.915922009956248,2.521356397723325,veineux,1,0.0,0
bon,6.930794969182341,1.0939451877514177,veineux,1,0.04793759355103985,0
bon,7.472261443612435,3.6507070065738145,veineux,1,0.15795605773016458,0
moyen,3.651891925591725,2.4351589568338703,arteriel,1,0.17182598058929185,0
mauvais,26.10079093377742,12.542221399062552,veineux,1,0.4001637596084603,1
mauvais,21.676556974837407,27.758679390689384,arteriel,1,0.8796719136693971,1
moyen,8.361266332072665,3.517154948068405,veineux,1,0.29140943837668465,0
moyen,8.253974500841617,22.271080214613583,veineux,0,0.38221003870607556,0
bon,7.407768874337632,4.840947549780638,veineux,1,0.08676346549874937,0
bon,4.721107448638001,3.4352437564694527,capillaire,1,0.022041808247039586,0
mauvais,21.58141020075394,3.5993267386392076,capillaire,1,1.0,1
moyen,3.0470750667001116,2.8641300011035224,capillaire,1,0.5846830938988058,0
bon,6.202413497858229,3.712324545842606,capillaire,1,0.03099815768553232,0
bon,2.1122903677329163,1.1526637180838029,capillaire,1,0.02976023102898534,0
moyen,13.830746344214209,7.280342641932586,capillaire,1,0.30578327531764765,0
bon,3.898926301016833,1.5814157703046228,veineux,1,0.12986986466108116,0
bon,2.5585751481716827,0.1915977323759571,veineux,1,0.08223449016421167,0
moyen,9.895008573930316,6.390773382633057,veineux,1,0.27473704319566783,0
moyen,17.55335111283379,14.174783270770954,arteriel,1,0.3905468608441108,0
moyen,10.459912753148545,10.669925791670325,arteriel,1,0.5061916901364831,0
bon,7.904935068941491,0.4170818800432206,veineux,1,0.06604650309628288,0
moyen,12.565028560349853,7.450560776767798,capillaire,1,0.47806165181126326,0
bon,5.600948719221657,0.11738305644063902,arteriel,0,0.0861518969789932,0
bon,6.244414288086804,1.7724856973960565,veineux,1,0.054275666481979956,0
moyen,12.861586021825152,0.6093805198699483,veineux,1,0.19135461986885,0
moyen,14.033074558698358,0.674162095912738,arteriel,1,0.34716668863122785,0
moyen,27.704950825745307,3.7701538391388016,veineux,1,0.24615624222308793,0
moyen,3.663548242005646,1.565762161068664,capillaire,1,0.4094659405551293,0
moyen,18.898786599044435,0.10630665598636334,veineux,1,0.16034974325513376,0
bon,1.8924824679678713,0.7912440924576999,arteriel,1,0.06190856530698142,0
bon,6.6357793160500576,0.8603797187637013,arteriel,1,0.007961405505068749,0
bon,5.752819052195033,1.8143968721981008,arteriel,1,0.061031540215358164,0
bon,3.1958968912849794,0.6409970857350588,veineux,1,0.032395612627305954,0
mauvais,17.418395404632903,11.042683393502855,capillaire,1,0.8685027792910008,1
bon,7.250869568829539,2.657776314954579,capillaire,0,0.07902838435178075,0
mauvais,21.298124705473317,1.778149123609272,veineux,1,0.3116282681241187,0
moyen,15.002316670087062,4.011328942895021,capillaire,1,0.30501652019597264,0
moyen,10.335222380458983,9.197280531987877,veineux,0,0.28771584306412606,0
moyen,7.479722643838569,28.800628198560474,veineux,1,0.44867866693899994,0
moyen,10.199948568016746,2.81360579283768,veineux,1,0.4121167457140584,0
bon,6.206374862164687,0.8692144294137516,veineux,1,0.16049278328742322,0
bon,3.911771995771615,0.26960186299015465,veineux,1,0.06634972566350489,0
moyen,13.433814472838481,1.06127850502785,capillaire,1,0.284346232584287,0
bon,5.081838350791442,2.2552322023733025,veineux,1,0.1326456525615211,0
bon,2.9956250884370546,3.91232656422941,capillaire,1,0.15388887925992223,0
moyen,14.742030955160816,0.20975047040365158,veineux,0,0.3209477511323845,0
bon,3.9735728670568298,1.9795899440415385,veineux,1,0.024817486981220185,0
mauvais,38.215464847973664,2.9610729903179376,veineux,1,0.626864583493896,1
mauvais,33.539581253080556,2.112316505791246,capillaire,1,0.8008541496076768,1
mauvais,21.092754653762416,11.085216976620192,veineux,1,0.8042898798119058,1
bon,4.617944474799662,1.7290883431642305,capillaire,1,0.07852436654317868,0
bon,9.825230843225832,1.926162154351982,capillaire,0,0.05508616042358849,0
mauvais,30.515863049590187,0.8256629588613756,capillaire,1,0.7612901725926681,1
bon,4.961479240531211,2.429914005604045,veineux,1,0.03435817634742389,0
mauvais,13.068122673226567,4.881454336002854,veineux,1,0.7363979765245595,1
mauvais,18.889825972228092,6.633141241161319,capillaire,0,0.7878972096017023,1
mauvais,24.91368791586932,4.384973898335494,veineux,1,0.6803380305091248,1
bon,2.6383743693823103,3.8056425101974076,capillaire,1,0.04432187176047743,0
bon,7.228643389337744,0.6741229392530576,veineux,1,0.04720739086735946,0
mauvais,16.001512358173457,10.260489065290672,arteriel,0,0.7729122954710914,1
bon,6.436371451415869,0.7542278476534532,capillaire,1,0.11724270155903473,0
bon,5.876951477619454,6.338794009203831,arteriel,0,0.01335369809457325,0
moyen,10.177841895904518,12.928628108244574,veineux,1,0.5332797801221013,0
mauvais,11.90756067805681,3.587573769991073,capillaire,1,0.7982891021788804,0
moyen,15.821202232951011,0.6225151446166626,veineux,1,0.03911922717408001,0
moyen,15.504187170119177,3.7557644636990437,veineux,1,0.46600656364309756,0
bon,3.852796454206198,0.38690321349110857,capillaire,1,0.021737063039479823,0
moyen,9.584077496123083,4.488491722040794,capillaire,1,0.26938053466909256,0
mauvais,21.203188839270467,0.5506519866970182,arteriel,1,0.7275323881736092,1
bon,2.5217858486921982,4.926328281074947,capillaire,1,0.0,0
moyen,10.430115575756508,0.05048896295247788,veineux,1,0.13188485239556255,0
mauvais,18.426596615047842,2.329714894994462,veineux,0,0.5371203625107352,0
moyen,10.134018483087209,3.3797832592429082,capillaire,0,0.29237988170706997,0
moyen,14.561919180803296,15.029272816458823,veineux,1,0.3240974910529675,0
moyen,11.237987576008754,2.4193692101066904,veineux,1,0.39933944732394294,0
bon,4.55359549073039,0.3170879324255411,veineux,1,0.02925418609398364,0
bon,7.979726877204165,2.0765093891309077,veineux,1,0.1250976482594298,0
moyen,12.340837798535604,4.629089322179008,veineux,1,0.3367671426558927,0
moyen,0.035456116397106996,1.7757102406798175,veineux,1,0.40901910696027055,0
mauvais,29.144288539067837,1.1219494985408802,veineux,1,0.7270380681974772,1
mauvais,14.629339339789471,6.788130978780174,veineux,1,0.6347532591117281,0
moyen,16.823978066187266,16.910130522570153,arteriel,1,0.2614421386780403,0
moyen,15.109629411058044,0.6999575375709134,veineux,1,0.3416328770240297,0
moyen,13.866683927864324,2.324776245470658,veineux,1,0.16003408842193362,0
moyen,18.08402490863752,0.13089331370830132,capillaire,1,0.15046025603968097,0
moyen,8.204333916700651,1.253726827854695,veineux,1,0.4032307959679324,0
moyen,18.98945279166223,7.581357835465926,arteriel,1,0.2334589754688921,0
mauvais,22.51719064654053,1.3815510425410578,capillaire,1,0.42333184460567785,0
bon,4.364569806487532,0.8756095119189125,veineux,0,0.09729647926351892,0
bon,7.563287590007537,1.6629530730898376,veineux,1,0.0976588127164677,0
bon,6.115382121450249,0.5815677408175358,capillaire,1,0.0894537600699955,0
moyen,8.701943353889305,0.44287838712911576,arteriel,1,0.2823517602596754,0
bon,5.49300955686401,0.6176359127156219,veineux,1,0.014664661581349714,0
bon,5.99644349699357,4.5231882714533365,capillaire,1,0.0,0
moyen,7.773769428958989,12.333692694100975,veineux,1,0.0793310391939723,0
bon,8.161081373136748,2.1375014474382352,arteriel,1,0.0,0
moyen,10.964582398520673,5.747037428893825,veineux,0,0.18944559582709541,0
bon,3.3782849775793236,0.36964802280229786,arteriel,1,0.028815464154466203,0
bon,2.4848442821707675,6.904578872552523,capillaire,1,0.025542191240789193,0
moyen,4.717586797805931,9.338155790853142,capillaire,1,0.40787529995331556,0
bon,5.932716748892669,5.827018661848841,veineux,1,0.07332222984201307,0
bon,6.974669033178204,2.2590919408807117,veineux,1,0.053952390107513966,0
moyen,11.725463815658125,1.3257025245172647,veineux,1,0.39733228888557587,0
moyen,6.526739844668758,9.332306533752659,veineux,1,0.2123398535105953,0
bon,5.303515984497481,0.7240500207543427,veineux,1,0.00042364794476838774,0
moyen,15.645450888698887,19.754124372645634,capillaire,1,0.597545047865403,0
bon,9.179077443389547,0.3106613396178077,veineux,1,0.05753012464223169,0
bon,1.7846779457638826,0.2211044727978594,veineux,1,0.0,0
moyen,8.614736090137058,1.1900053347681456,arteriel,1,0.5038946399047208,0
moyen,14.173917514680372,7.864078044329923,capillaire,1,0.27792907427788394,0
moyen,12.799241734874855,1.0345507471411735,arteriel,1,0.20150638938004428,0
moyen,13.05608032533468,0.3449277316223281,arteriel,1,0.43109846265103235,0
mauvais,20.36651893406818,2.1540994541223712,veineux,1,0.6034032147854318,1
moyen,14.929968411119209,0.1256517505737079,veineux,0,0.32744916744678904,0
bon,7.745696949353061,0.20541704418240977,capillaire,1,0.03187504985589658,0
moyen,5.380450255086815,2.2735407512681305,capillaire,1,0.042349177745490574,0
bon,8.066867402592651,5.146987809507346,veineux,1,0.083734748890431,0
bon,2.15208569509971,3.4460112837130805,capillaire,1,0.019081748997793503,0
bon,4.46669534153117,0.8741114438403883,veineux,0,0.010255317649915482,0
bon,4.141511159402676,2.133185464168356,veineux,0,0.0,0
mauvais,28.516390186580317,7.308344579069631,veineux,1,0.8231934012093676,1
moyen,18.06557622101429,0.3920361822242118,veineux,1,0.141794331755112,0
moyen,14.408473281569934,1.4408024648555153,veineux,1,0.2899154539205803,0
bon,9.048619246573704,1.981673065429394,veineux,0,0.06795275467401835,0
bon,2.273651990814379,0.6187687283583145,capillaire,1,0.11671145970863453,0
bon,5.379412335220791,0.07957510273808632,veineux,1,0.015131788604191461,0
bon,3.676035644406782,1.2160199848281315,veineux,1,0.10690751654838093,0
moyen,13.031010160571002,1.044353553147773,capillaire,1,0.595037544376238,0
moyen,7.032957698073503,8.172928261113908,arteriel,1,0.2941283959547487,0
moyen,13.33670566897959,17.106201226144655,capillaire,1,0.4874565630276477,0
bon,5.975744569742148,9.564851503915131,capillaire,1,0.06175676496830943,0
mauvais,15.057287230843944,7.1862134112402,capillaire,1,0.6543988546380564,0
moyen,8.558459956881993,0.45025875581324126,veineux,1,0.45709146128391936,0
moyen,10.345577866313423,4.095101650792105,veineux,1,0.4295155920284818,0
moyen,19.550750629360763,3.493648085488875,veineux,1,0.2976655366694559,0
bon,3.0871272463639823,8.481156085287223,veineux,1,0.0,0
bon,5.9448125557607545,2.321051631273393,veineux,1,0.09230592346479669,0
bon,7.96823205707193,0.558408996312196,capillaire,1,0.04482686050765383,0
moyen,5.810784044246538,3.6889539585805995,veineux,1,0.1532617592909284,0
bon,4.373883938953691,0.2264026474683906,veineux,1,0.052094796057713826,0
bon,4.998582810846708,3.0346229012226775,veineux,1,0.18183345709727944,0
bon,2.499184532060565,4.820254287266382,capillaire,1,0.1076751424890772,0
bon,6.209030652710734,0.9652325336807255,veineux,1,0.10812868340939202,0
mauvais,17.717508812954005,41.94990106945152,capillaire,1,0.6867102049381087,1
moyen,6.411527259548035,0.2719426910483822,veineux,1,0.4682248817774892,0
bon,4.059915704480997,1.151670929650264,veineux,1,0.0,0
bon,5.531756459304097,0.7432026927065744,veineux,1,0.0160509826768434,0
bon,4.126560527918809,2.872058754825803,capillaire,1,0.025971279339876276,0
bon,4.867734770748355,5.50326964653635,veineux,1,0.0,0
bon,9.199443578333032,5.652008001838989,capillaire,1,0.0,0
bon,4.505948598508007,0.3842136370803944,veineux,1,0.0,0
bon,4.283319695957555,4.154785677915301,veineux,1,0.04808380821513138,0
moyen,10.147354551658404,2.2017887633851245,capillaire,1,0.5154552051365631,0
moyen,10.35429357153599,5.970327123366266,capillaire,1,0.14247201939574958,0
bon,4.637551653563794,0.13931035207049688,capillaire,1,0.07073922310396207,0
bon,3.701253923357148,0.62394206252657,capillaire,1,0.001830182940071548,0
moyen,10.445916899267964,2.7257880800598078,capillaire,1,0.18659939708150927,0
moyen,12.76169555970023,4.128947786646454,capillaire,1,0.33358903109199095,0
mauvais,24.437801485433592,10.031264443050404,capillaire,1,0.6387972091285182,1
moyen,9.96077322723647,0.40881605524545955,capillaire,1,0.13231085879448903,0
bon,7.015027379673844,2.5415658022768484,capillaire,1,0.04201257510042067,0
bon,3.630740348479992,0.05704897758885169,capillaire,0,0.0,0
moyen,9.367006350664607,6.1345628721428795,capillaire,0,0.4865142417154387,0
bon,1.059792364576329,1.9710316278308413,veineux,1,0.03838632486002636,0
moyen,8.070823862981282,1.5782381391324318,capillaire,1,0.028609842811761266,0
mauvais,17.14937869810178,8.887005412139429,capillaire,1,0.6303685206365374,1
moyen,13.787490003210792,4.207324262370907,veineux,1,0.28234990467107196,0
bon,5.028546135672868,2.1127218422110556,capillaire,1,0.07093522891461843,0
moyen,12.681855083986283,14.22842893010418,veineux,1,0.3367435639758006,0
bon,4.185927374146439,1.8128966328835663,veineux,1,0.033325685951515235,0
moyen,11.173554881215814,0.45301506429202637,capillaire,1,0.4061387732961929,0
mauvais,18.92838427951853,11.629487852247962,veineux,1,0.6321377625723681,1
bon,6.168825960944968,4.806235173110973,capillaire,1,0.002675460200578593,0
mauvais,26.894447792783897,0.9953188493148786,capillaire,1,0.7039199233155257,1
mauvais,15.141284353682472,37.24335155622101,veineux,1,0.5395139920270325,1
bon,8.234425149937248,14.678001133750666,veineux,1,0.03634966259887078,0
bon,5.208711875046426,0.47507139130958,veineux,1,0.07925106661438992,0
bon,3.2024319033537436,0.6162342153701524,capillaire,1,0.06405960089551377,0
bon,2.3393727485220204,2.1745127494553147,arteriel,1,0.14162806201780065,0
bon,4.621759218445933,6.730616420060824,capillaire,1,0.0,0
moyen,16.78898769458091,9.634444003408664,veineux,1,0.3452110604671676,0
bon,4.744901759244931,1.3978296432026835,capillaire,1,0.004574874424390446,0
bon,8.022309860494694,3.170566816286065,veineux,0,0.08020537277195221,0
moyen,10.845805216497181,0.6249928770167232,capillaire,1,0.30270708787023365,0
bon,4.975822104307891,7.582992736360828,veineux,1,0.06731563551124434,0
moyen,18.939746303347235,12.676146354297877,capillaire,0,0.21005400077681946,0
bon,5.727263765249936,0.3576050107598819,veineux,1,0.0132919066939493,0
bon,6.773774780194601,0.7117023518093449,arteriel,1,0.0,0
moyen,12.817556126411906,4.536575662909962,veineux,1,0.16354793410312868,0
moyen,7.191401895695645,2.2787545436758383,capillaire,1,0.2323045703484503,0
mauvais,21.02304824411488,5.183866773879795,arteriel,1,0.6261362459683621,1
moyen,13.269813045000701,3.704195357913526,veineux,1,0.17667515899658898,0
moyen,10.668558382469955,0.6207230914884594,arteriel,1,0.10685920745204083,0
bon,7.471564383644308,0.8377862984632986,capillaire,1,0.0631877792411288,0
bon,2.8578926407019023,7.967396181811359,veineux,1,0.02206002139688297,0
moyen,5.942118763276932,13.7891089065929,veineux,1,0.16267844563645611,0
moyen,13.286372845356954,1.8433914961179783,capillaire,1,0.3189688828591035,0
mauvais,23.597623353914777,5.519689472436302,veineux,1,0.7794794046918468,1
bon,5.639303651837954,8.562813484924048,veineux,1,0.0,0
bon,3.991640337984657,3.4390526100757253,veineux,1,0.09631287455421962,0
moyen,14.770891020467438,0.185087601075609,capillaire,1,0.429610497320842,0
bon,5.695352967076673,0.1452891238599205,veineux,1,0.05910491229079311,0
mauvais,22.78880719646885,7.839603618723551,capillaire,1,0.9224201238442676,1
mauvais,16.513158405144665,3.6349948221178305,arteriel,0,0.8370580169421935,1
bon,5.0683048349760496,1.7386644102311073,arteriel,1,0.011902938093245816,0
moyen,9.067868017904043,3.4827565000926217,capillaire,1,0.186049047337117,0
moyen,19.2722476902313,6.463440314127133,veineux,1,0.3995469520549262,0
bon,6.358746565913007,3.7023245768153323,capillaire,1,0.08953796561162647,0
mauvais,23.215023610272,11.714260890795774,veineux,1,0.9943170165139787,1
moyen,12.936097817412591,3.3186497974570357,veineux,0,0.45570187909739435,0
moyen,11.005885527702203,3.891641864669493,veineux,1,0.4146319805008283,0
bon,1.5483865424188066,0.3822331336842769,veineux,1,0.1372929485136568,0
mauvais,22.87768114789299,4.584047698479597,capillaire,1,0.6613144742837589,1
bon,7.388218806094745,2.028370357001863,capillaire,1,0.012339810920451458,0
bon,3.0376689377206367,0.1466400291294247,veineux,1,0.044320391914901766,0
mauvais,21.679611179256415,10.898538382002938,veineux,1,0.6733993672139872,1
bon,5.924121786503793,1.5305734220987233,arteriel,1,0.11319279695481943,0
bon,6.566781018565191,11.158441224973346,veineux,1,0.06312514454259169,0
mauvais,21.189380122600706,6.163762066663546,veineux,1,0.6060471071325726,1
mauvais,22.71524384939476,2.149859502183439,veineux,0,0.7317512101875085,1
moyen,12.57435174602064,3.7187541607196106,capillaire,1,0.5958516718623299,0
moyen,4.728083098451381,5.099580443161509,capillaire,1,0.3696376857184505,0
bon,6.957716101563591,1.809785876519037,veineux,1,0.1264165781743123,0
bon,5.1706362851300485,4.35358738020974,veineux,1,0.08785160325269888,0
bon,3.3834685567181473,1.0584631317527249,capillaire,0,0.03736875655986816,0
moyen,8.544468157640935,0.44635592010650177,capillaire,1,0.4397498950302142,0
moyen,17.117859726631004,2.9874034185333906,veineux,1,0.35930605217784983,0
moyen,16.166898656235404,7.06023680085109,arteriel,0,0.2530984245520086,0
moyen,14.33417721204755,7.902662679606205,veineux,1,0.1806016634986869,0
bon,6.300900185072278,0.19645957062248928,veineux,0,0.05269486735166032,0
bon,1.993839396480364,0.03362417008041335,arteriel,1,0.0,0
bon,7.103895235445837,4.135567742206534,veineux,1,0.07787042784255929,0
moyen,15.422222636082848,2.643239991812347,capillaire,1,0.3471508024697146,0
bon,4.232057456095297,0.47526286452563127,veineux,1,0.08411693910298296,0
mauvais,17.287209971040618,2.9574270297000576,veineux,0,0.7538361840510319,1
bon,8.99133497956793,0.7713723536189704,arteriel,1,0.08020258224608116,0
bon,11.219837112010723,1.4106204727124383,veineux,1,0.029498529423054462,0
bon,6.2134461182723655,0.3546944553313378,capillaire,1,0.04645815760419549,0
moyen,14.289561244702703,10.012216439801866,veineux,1,0.24823438547712148,0
moyen,13.802413651450156,1.932872619382958,veineux,1,0.3066093851109899,0
bon,6.775310851747673,3.9871093969694957,veineux,0,0.0999108827985865,0
bon,4.358664748885617,1.044358831546135,capillaire,1,0.08218343765112454,0
moyen,10.86744441302493,2.706153613864073,veineux,1,0.32135668687656993,0
bon,5.460141518382804,0.31068047004464255,capillaire,1,0.16032344899423362,0
moyen,7.162092258324779,1.932487573370595,veineux,1,0.5048289693789398,0
moyen,13.555914917408735,0.7250045038303666,arteriel,1,0.20547857547864795,0
bon,5.843173221228911,1.7666876689271453,veineux,1,0.11184162330636332,0
bon,6.677881000939225,1.2153886875024784,capillaire,0,0.02298118305064728,0
mauvais,24.741598137772492,4.577236597024536,capillaire,1,0.7843433866006193,0
bon,3.8833964921079387,0.014982257983447609,capillaire,1,0.03007773625053166,0
bon,2.79969153405661,1.0987400794652964,capillaire,1,0.02766784765926968,0
moyen,10.065754064613852,11.198519631611566,capillaire,0,0.24367499398866435,0
mauvais,23.12117372267646,4.8375293918396265,capillaire,1,0.7375600676085043,1
mauvais,20.267867469965502,18.116777906666115,veineux,1,0.5425651860026006,1
moyen,10.567882481012056,6.821532729895246,veineux,1,0.47699827945346795,0
bon,4.988807962341907,3.3548126657190473,arteriel,1,0.08114720152066542,0
bon,6.337483311185025,1.7755583558709573,capillaire,1,0.0820770822468006,0
moyen,4.362575649970829,2.120389051557105,capillaire,1,0.2659586300793113,0
moyen,17.273209299410677,8.243554729925831,veineux,1,0.36000000084203493,0
bon,6.391075515131555,1.9778866441332388,veineux,1,0.024668258310604037,0
mauvais,22.86127193205519,7.189777349381096,veineux,0,0.6996571692661872,1
bon,4.412066104671635,1.0744342792842403,capillaire,1,0.12427386846362748,0
bon,4.856801496283866,0.597622017625579,veineux,1,0.0,0
bon,1.9642525066383811,4.034986849146292,veineux,1,0.038963562152081674,0
bon,4.285941598386781,2.2128955627475726,veineux,1,0.0,0
bon,6.780766327039572,1.1887242259296258,veineux,1,0.0,0
bon,6.1504100322131325,1.3384714836882259,veineux,1,0.09834783226724084,0
bon,6.001331442762419,0.45695668190800054,veineux,1,0.07723122872496693,0
moyen,7.915350169758799,1.3275651870097747,capillaire,1,0.45437706541919504,0
moyen,13.893887596140914,9.990339665878519,veineux,1,0.03087847332020993,0
moyen,10.929435636404826,1.8507448622218665,veineux,1,0.3809646769242513,0
mauvais,23.89576559363062,5.169219930759947,veineux,1,0.7747067366823537,1
bon,5.841945888778779,1.3306189644751196,veineux,1,0.1592865308361287,0
bon,5.984037695985599,1.6687385990375778,veineux,1,0.037671447287021285,0
mauvais,10.04847816265281,32.54958490856672,veineux,1,0.788011985804629,1
bon,0.6933141602575112,3.2270736014193186,capillaire,1,0.05031907704816575,0
mauvais,26.567368660087034,16.47544511832584,veineux,1,0.7914426127385027,1
bon,4.042325087983191,2.536661908158245,capillaire,1,0.0,0
mauvais,24.140931239052883,5.063212718510272,capillaire,1,0.5475164098794171,0
bon,6.386957823827988,1.3559932587453292,capillaire,1,0.10280506258349946,0
mauvais,15.604846318901068,8.427670456993338,veineux,0,0.621277683593398,1
moyen,15.367934781808508,4.1262774311690436,veineux,0,0.18411868322366462,0
mauvais,17.828590949826875,0.8157695326880186,veineux,0,0.4375673597608964,1
bon,6.367138646400955,4.926497368256401,veineux,1,0.1307936245061157,0
moyen,10.500711773512776,2.196633453230412,arteriel,1,0.39463134053942334,0
mauvais,19.096758487230247,2.3933656082514148,veineux,0,0.4801921550936281,0
moyen,5.474896738156218,1.7456698852171504,veineux,1,0.7188313301864941,0
moyen,7.05029344710971,4.233973975163369,capillaire,1,0.3136752219999659,0
moyen,12.43763388733188,6.840263564285861,capillaire,1,0.418230621119578,0
bon,1.44752953420336,0.27710077223527596,veineux,1,0.014744473991701972,0
moyen,13.25273789545992,1.803182528702926,veineux,0,0.5254101489458383,0
moyen,9.573986447137042,3.0748788996596454,veineux,1,0.4164342757086159,0
mauvais,31.45220342577891,29.25808031949795,veineux,1,0.5126815987512715,1
bon,1.9552816275642178,1.1843396164322908,veineux,1,0.21886914595413232,0
bon,7.2253767499798505,3.010020407549385,veineux,1,0.08382537382199876,0
mauvais,18.958867462776205,9.33155453200115,veineux,1,0.7514506842223003,1
mauvais,23.815578138722618,26.656892392483506,veineux,1,0.6311045582495094,1
bon,3.9283970738954044,1.0428708549585355,veineux,1,0.0,0
moyen,12.632213959680527,1.320339329994484,veineux,0,0.4532437146599922,0
bon,2.7669511201026817,2.478659898778821,veineux,1,0.055747088587956586,0
bon,7.471623240013877,1.085746152048474,capillaire,1,0.12136643257973848,0
bon,4.688203644126665,1.4566045652212336,capillaire,1,0.10608445711939596,0
bon,3.903425407018798,0.1759429726078821,veineux,1,0.06145474158231897,0
moyen,6.73147232021366,0.46792780168413545,veineux,1,0.20748369577204384,0
bon,6.00356547233509,2.195669010609563,veineux,1,0.06344061782060771,0
mauvais,23.778344742816145,15.463495017981055,capillaire,1,0.8666315533258869,1
mauvais,22.957886980970446,0.5803370087179582,capillaire,1,0.5739501409991127,1
moyen,6.132859237537292,7.397919170066617,veineux,0,0.12285412745034216,0
moyen,9.994391412457453,0.39265763305536183,arteriel,1,0.12724783364484846,0
bon,4.173069677753448,0.38422261171141653,veineux,1,0.0,0
moyen,14.062512353775826,2.7901896679742384,veineux,1,0.17091518942791695,0
moyen,15.91368844811214,4.53249329420799,capillaire,1,0.251543644684049,0
bon,3.0856981702099144,2.528588071433596,capillaire,1,0.0,0
mauvais,37.760283672560426,8.8038180141024,capillaire,0,0.777149993636339,1
moyen,10.676843102689771,0.46991036522500523,capillaire,0,0.39320201099536534,0
mauvais,23.214410065751373,10.229946304174327,veineux,1,0.7481753514400815,1
moyen,17.32229961615616,8.232108529276958,capillaire,0,0.2541068352702612,0
moyen,7.212845414294754,3.0775314302571384,veineux,1,0.11452825701114766,0
bon,3.151533711463391,0.8036876431170382,capillaire,1,0.030571588975439854,0
mauvais,31.617228974124764,2.5435353367055207,veineux,1,0.8872112335872032,1
mauvais,18.12692514990709,6.935431299831438,capillaire,0,0.8553873405863033,1
bon,1.3076242755238123,0.9865929212815119,veineux,1,0.172993599251469,0
bon,3.14097827961518,2.6381142139835743,capillaire,1,0.0890748619730316,0
bon,2.006941489819842,2.3086210498873894,veineux,1,0.006785736902973211,0
moyen,9.529433292265214,0.019188224242571057,capillaire,1,0.24701037968427625,0
mauvais,11.674584768718397,5.186120958927265,veineux,1,0.6369467332167488,0
bon,2.10070956060294,0.6605795528969495,veineux,0,0.11872424907137796,0
moyen,14.850848115445325,0.9381941434491006,veineux,1,0.2161806271672564,0
bon,2.992085255837003,0.5339951340019585,veineux,1,0.0,0
mauvais,30.21689077902267,8.938349919684612,capillaire,0,0.7032249575800944,1
moyen,13.749252748155843,9.89685259238518,veineux,1,0.205886889836044,0
moyen,12.740702147319656,3.241919067177909,arteriel,0,0.48432848253008387,0
bon,5.353641744278796,0.835795306922338,veineux,1,0.0,0
bon,3.906639830825469,0.8265113904347378,veineux,1,0.018320524225309366,0
bon,4.456689779347894,0.014234158411969072,capillaire,1,0.0,0
bon,8.346904180597074,2.280435982479458,capillaire,0,0.045581335623680205,0
mauvais,24.962836369236655,12.171818848236033,veineux,1,0.5594177123920865,1
moyen,8.909362218916705,1.6941929079601423,veineux,1,0.20960635430781638,0
mauvais,18.850577238180946,5.25816148607665,capillaire,1,0.7932862574824633,1
mauvais,19.558630787742278,10.84620155085518,veineux,1,0.8041378992845337,1
moyen,13.804901277274032,0.45212693841716545,arteriel,1,0.22496084751199866,0
moyen,16.73397466755971,0.007146820667728733,arteriel,1,0.22258250371928479,0
mauvais,14.972184730718567,5.971080047336873,capillaire,0,0.9254700178710971,0
moyen,18.66889644620455,9.06583764283818,veineux,1,0.0,0
bon,3.164994357971473,0.9200278829942264,capillaire,1,0.10163287583110062,0
bon,7.035322933687005,2.9370178096185917,veineux,1,0.12269201185609424,0
bon,5.542990621651296,3.3313308535714983,veineux,0,0.026001767864389555,0
mauvais,19.595831052440104,13.29992313521503,veineux,1,0.2560444105096298,1
moyen,9.902207454949393,0.8702758499483862,veineux,1,0.3149739472649652,0
bon,5.781391841856288,1.043310499276796,capillaire,1,0.09157494334658312,0
moyen,14.885917295029373,1.6786687189412497,capillaire,1,0.0,0
moyen,7.799437041591418,7.871320279851195,capillaire,1,0.33081835305544544,0
bon,7.339179984855547,4.556415821699772,veineux,1,0.14558030335316607,0
bon,4.541218511863945,4.7667497717530445,veineux,1,0.017941753530157478,0
moyen,14.780811600335998,1.3217138537312954,veineux,1,0.2251519116031332,0
moyen,13.135004094646005,10.65567650180588,arteriel,1,0.561729210993524,1
moyen,8.048506636397004,1.9893830383155682,veineux,1,0.6607256313380959,0
moyen,8.612596135498542,0.5986527170030216,capillaire,1,0.3325811906292601,0
mauvais,20.700999296162436,7.815412780585681,veineux,1,0.7569509186771136,1
moyen,15.11739601562133,5.054458292639605,veineux,1,0.12341603738231843,0
moyen,11.843921922489823,0.9000066295496525,capillaire,1,0.37028102423191034,0
mauvais,26.311117559434884,0.08389800328416323,veineux,1,0.9096799775627081,1
bon,2.960671322615769,6.0839745990246845,capillaire,1,0.09203033563916917,0
bon,4.952895698251524,0.10229218181169096,arteriel,1,0.008735401958456776,0
bon,4.651291484194329,0.3248243486211893,veineux,1,0.025354086252537388,0
moyen,6.878177715990133,22.67819501339773,veineux,1,0.4478099567175074,0
moyen,12.757919284884323,0.28150263925654834,veineux,1,0.062123153942122894,0
moyen,16.029775892780794,2.192643154473778,arteriel,1,0.3264726275494429,0
bon,6.652094342883013,0.03422950953198876,veineux,1,0.1320714313861157,0
bon,4.126471525523565,6.456174975624967,capillaire,1,0.05328943243244813,0
bon,1.7868457985226414,0.09122542996576913,capillaire,1,0.1331465723594919,0
bon,8.499167808410842,0.30877930644619056,capillaire,1,0.04199627566958476,0
moyen,23.47361222266707,10.387100869663207,veineux,0,0.2394930381046976,0
bon,2.4154746097887627,1.6733813210412196,capillaire,1,0.052825532423277824,0
bon,6.379415610490389,5.384360118891466,arteriel,1,0.04375392023382173,0
mauvais,26.662174354773335,7.378565029000956,veineux,1,1.0,1
bon,5.526974430662119,3.459344420365005,veineux,1,0.10716990535747764,0
moyen,13.765228606796983,8.74028904572959,arteriel,1,0.31319603206937535,0
moyen,9.067375211560014,1.8084654916895055,veineux,1,0.23395880447237946,0
bon,3.432468668827207,1.2307543316310425,capillaire,1,0.10156902626386655,0
moyen,4.568394194406851,1.9056653427178594,veineux,0,0.1386395027337583,0
mauvais,18.309714581693044,1.250613638040742,veineux,1,0.862341114322653,0
mauvais,22.90625581301025,46.27674991619463,capillaire,1,0.7663836895415774,1
bon,4.865643419901289,1.399217683835627,veineux,1,0.057439031740365264,0
mauvais,22.97421170135069,0.11849808769170841,veineux,1,0.49441524699785216,1
bon,6.36410413142524,1.3283057512018586,veineux,1,0.054369571446006085,0
bon,7.974492310671854,0.32358341439118193,veineux,1,0.04919729803757069,0
bon,3.839893517259914,2.089708706254247,veineux,1,0.17917868300832834,0
mauvais,24.243178822572638,1.94413143281258,veineux,1,0.4015075459988014,0
bon,5.999370220605868,4.1176246040838205,arteriel,1,0.0,0
bon,5.944004541838549,1.89926198084261,veineux,1,0.06661884167598049,0
moyen,11.047558254751785,2.839193173025821,capillaire,1,0.3017794018771176,0
bon,6.4853648367194445,6.558210353317365,veineux,0,0.06580339348649757,0
bon,5.9644979053613145,1.4611393504302592,capillaire,0,0.07919415111420006,0
bon,2.5246751553454043,0.151384349018732,veineux,1,0.11420523475894488,0
bon,6.738312128778547,1.9714579644215189,arteriel,1,0.0,0
bon,6.774581674533485,0.583912807509723,veineux,1,0.022164105107141854,0
bon,3.4734277916428367,3.2561556410491153,veineux,1,0.07143806294403819,0
moyen,10.48796840392713,0.2673857875729551,veineux,0,0.1268754922830688,0
bon,6.366657985622139,7.721458228274424,veineux,1,0.1596724775144193,0
bon,4.581372360841277,1.39378650075045,veineux,1,0.09778519855569337,0
mauvais,24.860031391502364,2.814075385413299,veineux,1,0.7692234657595445,1
bon,9.727744989238722,2.8005886533800317,capillaire,1,0.005478212352866919,0
moyen,15.525630115694284,1.3430975135715875,veineux,1,0.1698036866207502,0
bon,2.2379107936924503,1.5833533342416617,veineux,0,0.020364858852144674,0
bon,5.607637191209752,1.5804072088984829,capillaire,1,0.08276168142568804,0
bon,6.443125010252287,0.18746372219254104,capillaire,1,0.06284987227929154,0
bon,4.538267252310462,1.0825149742694276,veineux,0,0.0,0
bon,7.906521326642069,3.838523953239046,veineux,1,0.02820492654547835,0
bon,2.3227884005535024,3.8780187365407293,veineux,1,0.09387737767257104,0
bon,6.385837246063222,0.20902767042952297,capillaire,1,0.06758311774870296,0
bon,3.7882783584822133,0.19020634450896035,capillaire,1,0.07843223080063853,0
bon,8.438755812414593,0.6095085589260237,veineux,0,0.06914608550286316,0
bon,8.985030706336236,4.155143582370361,capillaire,1,0.13132153673044297,0
bon,3.466686824433304,0.27600293151681926,capillaire,0,0.061802153191218505,0
moyen,5.754027110232562,5.636494734531828,veineux,1,0.13713784338276758,0
moyen,18.013679313715997,2.595978599019197,capillaire,0,0.30446942476821365,0
bon,4.225738700420971,1.951751636425062,veineux,1,0.06248047291048559,0
moyen,11.153332072275292,0.466115338621994,veineux,1,0.522561586530556,0
moyen,9.489064375661977,3.5823414886985967,veineux,1,0.18977836536987136,0
bon,1.1606536876046873,0.5323381541370589,veineux,0,0.0397080070039328,0
mauvais,16.50689787411094,11.006678891189939,veineux,1,0.8744306211368109,1
mauvais,29.102521436355318,0.4483718262753379,arteriel,1,0.7648072885413066,1
bon,4.013754355200456,2.50115270355534,veineux,1,0.09048287650741207,0
bon,7.887264006937628,4.1378426998940565,veineux,1,0.06153558745374813,0
moyen,7.171913408571138,0.8681663560918025,veineux,0,0.4783839691883678,0
moyen,7.6987504278030485,17.21356246380777,arteriel,1,0.40008677211438626,0
bon,4.442074139336383,1.800712989685943,veineux,1,0.05463137939744618,0
bon,4.440479663008331,0.27189259143908656,veineux,1,0.11214312814291573,0
bon,6.580743792103423,1.115631312050035,veineux,1,0.05617145908518244,0
bon,5.680102589137781,0.35075614172940356,veineux,1,0.0,0
moyen,13.354211505143656,12.008915625571179,arteriel,1,0.14411697540138507,0
bon,6.9363693210657225,2.8448226700749766,arteriel,1,0.0685170133664423,0
bon,4.337383233633354,0.22364384749618327,veineux,1,0.020537313460246617,0
moyen,7.896989265438891,2.978753761993111,arteriel,1,0.32546216519559923,0
bon,2.829698946884404,3.370749561508507,capillaire,1,0.06979571104790228,0
bon,3.3491789400420897,5.502845940636481,capillaire,1,0.04414139975128123,0
moyen,14.128024795287772,1.285820059351419,veineux,1,0.18667516752990762,0
mauvais,28.78291692913991,1.595269502481864,veineux,1,0.5785477171827831,1
moyen,19.044752499469496,11.952171773750187,veineux,0,0.5170416219580469,0
moyen,11.998745309552902,7.600057938611066,capillaire,0,0.20087486462847814,0
bon,5.963732123436983,3.7704240478717184,veineux,1,0.09626409463584157,0
bon,6.094529594755934,1.3584203486236568,veineux,1,0.05843256838050978,0
moyen,20.344188198148455,4.943752521816599,veineux,0,0.4491448240031435,0
bon,4.490088412892605,1.3479149307780605,capillaire,1,0.04811564396288811,0
bon,4.7490914799942,3.7518262548897856,veineux,1,0.06169325505046235,0
bon,5.655759048318715,3.5668867879250183,capillaire,1,0.10824954412819615,0
bon,5.171786012586661,1.0334191085019266,arteriel,1,0.08126591670107516,0
bon,0.5613992545049298,0.810829798348883,veineux,1,0.041536278083368766,0
bon,4.540400738849613,1.354264312955355,capillaire,1,0.11761812729630754,0
bon,3.297187131479373,1.7008772870803959,veineux,0,0.0,0
bon,5.350422837817024,0.5445027097498766,capillaire,0,0.15260366557109675,0
mauvais,21.3134451710556,3.2493645901694936,veineux,1,0.8390330496660281,0
moyen,5.8041578997861,2.494807050890638,capillaire,1,0.2436888830274057,0
moyen,13.031903924884723,0.990128426000182,capillaire,1,0.2926755246099445,0
moyen,16.41550937326503,4.3146041869665455,arteriel,1,0.33531836926666714,0
bon,5.965375774418425,0.5458369464563232,capillaire,1,0.10032055200132774,0
bon,5.840188980903682,5.962916143129012,veineux,1,0.0,0
moyen,9.642913392842775,0.4327733050166285,capillaire,0,0.2412645033965941,0
moyen,7.631345469127641,4.837937677094687,capillaire,1,0.5257593057912495,0
moyen,15.339005305299528,2.0792668571670765,veineux,1,0.13799960874268016,0
bon,5.947264153622909,0.7337038032077794,veineux,0,0.046761387010106174,0
bon,3.147237740036923,0.07158443489847337,arteriel,1,0.0546467826341489,0
bon,6.111025292684497,0.7805970604596106,capillaire,1,0.02250375837678272,0
bon,3.162626977027811,1.5710014164758495,capillaire,1,0.024496802495195882,0
moyen,17.598378580583173,7.321586132536629,veineux,1,0.17965922490982195,0
moyen,6.63148900605954,1.543422764910269,capillaire,1,0.22430493865661483,0
bon,6.951633438689418,1.1858898140852723,veineux,1,0.020086033290107615,0
mauvais,23.689787641160592,7.54757992728456,capillaire,1,0.8114275236806964,0
moyen,14.011137707580776,1.9407275748193697,veineux,0,0.7082868221859739,0
bon,5.109868221999697,0.5974235215836614,capillaire,1,0.04837480534711553,0
bon,3.580840290501655,0.5580183660205535,arteriel,1,0.09152490669929761,0
bon,2.482990178649331,1.2241101558339629,veineux,1,0.0047101393314426185,0
bon,4.5659658991512595,2.850237942789527,arteriel,1,0.0,0
bon,4.38303442308836,0.461313872942018,veineux,1,0.023349795908683288,0
bon,9.853432972691046,2.4709002979537464,capillaire,1,0.011682369536749199,0
bon,5.865919650721392,0.04275337058426191,capillaire,1,0.04606057999598501,0
bon,2.2447649984915254,1.0857783449466993,veineux,1,0.018157739286480526,0
mauvais,21.52587884359564,21.295157761098807,capillaire,1,0.7218165940699663,1
bon,7.042766590858797,0.8271950407507239,capillaire,1,0.03559248687887419,0
moyen,11.452018042230167,2.4190313730556987,veineux,1,0.23733254812295718,0
bon,1.8280333755240834,0.4587740848748519,veineux,0,0.0578817279220472,0
mauvais,27.638901253169493,11.335842453780183,capillaire,1,0.3459037724447843,0
bon,8.741930350743564,0.10739046561162138,capillaire,1,0.04879354447725133,0
bon,5.779228354741807,3.828432525609747,capillaire,1,0.07553003452051568,0
mauvais,26.950831194796443,4.21563448319192,capillaire,1,0.572755257469614,1
mauvais,20.91434462526899,3.247035430503171,veineux,1,0.5869879052897614,1
moyen,12.3143081188766,1.304981846255432,capillaire,1,0.23361160608387657,0
bon,5.006751013194322,2.565192188681432,veineux,1,0.0,0
bon,5.655642345686171,0.7690477226475293,veineux,1,0.05940366784958866,0
moyen,8.081115101132774,5.155278391529383,veineux,1,0.21711459808217212,0
mauvais,22.064143217718424,0.5041034656919646,veineux,1,0.7184110274623984,1
moyen,5.250622611557159,0.26883532888359096,veineux,1,0.6066722335799917,0
moyen,4.824430008528439,1.313187027267884,veineux,0,0.15041575688418357,0
bon,5.510767511348634,0.17098166147751745,capillaire,1,0.06661861666119924,0
moyen,9.163916169478039,9.535487362639362,veineux,1,0.4655580020583895,0
bon,4.183798321679559,5.756481039281431,veineux,1,0.07269526147206737,0
bon,3.008369210419542,7.500630006856837,veineux,1,0.0057143100100155025,0
bon,6.3022724836473145,0.9440411777412463,veineux,1,0.01875826907827588,0
moyen,13.601925546025315,1.1192481250533612,veineux,1,0.4625374654664993,0
bon,4.5307588600851725,1.574145212121537,veineux,1,0.08660756130273678,0
bon,5.076475989920056,0.6287160411598498,capillaire,1,0.10036521787366313,0
moyen,7.218824945603021,0.9482858936821208,capillaire,1,0.0,0
bon,4.400646703986426,2.151169771783742,capillaire,1,0.006778664733214021,0
moyen,19.228786574551542,12.086290118397025,veineux,1,0.17407086629735138,0
bon,10.241586182059951,0.6158982369005174,veineux,1,0.01247949361226719,0
bon,2.7760659484516728,2.2298461952178994,capillaire,1,0.0,0
moyen,10.880758630491975,13.621720739813142,veineux,1,0.19906420019858975,0
bon,6.993717546931616,0.2412778066017956,veineux,1,0.0,0
bon,5.561272808980273,0.007852143790285772,veineux,1,0.09943043967495874,0
bon,8.517240968390267,15.050406872064375,veineux,1,0.03094311516632906,0
bon,5.744210945213726,3.241743026766868,veineux,0,0.08018566202720981,0
mauvais,19.453933187004328,1.504980203928479,veineux,1,0.5388016537881168,0
bon,4.89375869396491,1.4255820281048301,veineux,1,0.0,0
moyen,16.10794505327893,5.237038989957396,veineux,1,0.2938110521024909,0
bon,7.192938467621767,0.32801486050212897,capillaire,1,0.04621644636714683,0
moyen,9.744210047767027,5.082488064474814,capillaire,1,0.0,0
moyen,8.73513102183214,1.9324554756851975,capillaire,1,0.3501490581830255,0
moyen,12.31257225187859,0.4909322412956544,capillaire,0,0.256502796834504,0
bon,3.399922871204707,1.5515876362834806,arteriel,1,0.07390702877779043,0
bon,4.87295085076929,0.1613003084672392,veineux,1,0.021138563714471453,0
bon,7.474876269368279,0.03638702351072528,veineux,0,0.05762629414488083,0
mauvais,23.317754059773925,10.047116984193948,veineux,1,0.5533035866643441,1
moyen,11.704108545622487,1.9081997803880997,capillaire,1,0.19480656438126748,0
mauvais,9.86803964732396,2.3401734879397855,capillaire,1,0.3745376544105368,0
bon,6.696861764410569,2.0289236470244325,veineux,1,0.033912364800489585,0
moyen,6.456048230404008,1.8555649638479457,arteriel,1,0.17917099762342192,0
mauvais,27.486500937718546,9.257229351685648,veineux,0,0.5542081499933675,1
bon,5.4225673845589455,0.8977875039623098,arteriel,1,0.0,0
bon,7.4001579128537225,0.22947619100343206,veineux,1,0.14918520677393757,0
moyen,10.382410307264156,0.24051521909374485,veineux,1,0.43534070999151786,0
moyen,13.965717810880799,4.177274926386391,veineux,1,0.2250191354383722,0
moyen,14.279041428794589,7.204701335588679,veineux,0,0.38145484189344786,0
bon,3.7292752223487415,1.4359479161927295,veineux,1,0.07855706210190369,0
moyen,11.604619195042776,1.2981997778458232,veineux,1,0.2705860183984593,0
bon,3.751309220573552,1.9621468466325571,capillaire,1,0.11333306265992062,0
bon,4.630949284688301,5.844476470742325,veineux,1,0.0014468985446133426,0
bon,3.7905106709235747,1.7339130588811398,veineux,1,0.0443420752771958,0
moyen,12.504711614647869,3.210115781375869,capillaire,1,0.2759804790603094,0
moyen,11.110100412886938,2.9599267649035395,capillaire,1,0.3927540849389497,0
moyen,20.18744878287823,0.035609163241203536,veineux,1,0.5183400718885947,0
bon,6.303043982679012,0.41490163606684793,veineux,1,0.07677293737048169,0
mauvais,19.309761207549307,13.798163862921516,veineux,1,0.47486900643988295,0
bon,4.597016932104964,2.720106544427369,veineux,1,0.0,0
moyen,8.671754780600573,5.655171533900455,capillaire,1,0.427607909169097,0
bon,6.19758877912382,0.29249519688802306,veineux,1,0.1752724452678447,0
bon,6.336680977436162,3.616740138670169,veineux,1,0.027417945541152657,0
bon,3.5316524024430085,0.33633094095629457,capillaire,1,0.1447574306054485,0
bon,5.163991112827121,0.7167115314495953,veineux,1,0.036841936397008675,0
moyen,6.8294986113909495,15.363458234562007,veineux,1,0.18573594439760316,0
moyen,9.871325747491241,5.137651295319738,veineux,1,0.25504559150035283,0
bon,6.409013079649446,0.5878396829283493,arteriel,0,0.1024101983837638,0
mauvais,26.2238718789085,9.800313565001147,veineux,1,0.6284019131173328,1
bon,5.167653255858722,1.0464978871017987,capillaire,1,0.019983067049675646,0
moyen,13.672823023551889,2.248508400170427,veineux,1,0.16835739647056422,0
mauvais,15.132985555151254,1.0863937937254957,veineux,1,0.27803235187487163,0
moyen,16.255763950243423,3.182099369955958,capillaire,1,0.10002779872841866,0
bon,7.806739940250381,0.10854470509023073,arteriel,1,0.061891477037916795,0
mauvais,24.09852804178633,12.336269488324906,capillaire,0,0.93267521103271,1
moyen,13.776793309162688,0.3130116848326052,capillaire,1,0.4948724730821501,0
bon,4.041014065201513,3.6211475556279593,capillaire,0,0.06158654710151963,0
bon,5.593151090281523,1.43462824847277,veineux,1,0.003631349715203319,0
moyen,17.384903024810992,2.8639215919847953,veineux,1,0.47676289763455804,0
moyen,14.089002544071114,6.9049855866337095,capillaire,0,0.25507274436787836,0
moyen,11.608339014228385,8.799122932707446,veineux,1,0.11464454669258864,0
mauvais,14.184828467143731,22.7592851512216,capillaire,1,0.7514746212834699,1
moyen,15.556148489119568,0.19793122838214466,arteriel,1,0.5157253801718553,0
bon,5.381271182530049,1.800325065733451,veineux,1,0.025251772455464967,0
bon,6.882621161534967,0.4717428562074816,veineux,1,0.0,0
bon,2.934952192944921,0.24734708741815192,capillaire,1,0.0,0
moyen,13.170861928567414,9.007739350042165,veineux,1,0.08529677294183594,0
bon,8.61861269946622,0.04445402971200331,capillaire,1,0.033804557339203914,0
moyen,9.543509739966735,1.8063430631997812,veineux,1,0.05762302935497518,0
moyen,12.56393079844824,2.8057539266454246,capillaire,1,0.35589722797200823,0
mauvais,25.493444067585216,25.799002196416588,veineux,1,0.4850677921134273,1
bon,2.8207339253152233,0.29150089226450565,capillaire,1,0.005901961786641298,0
moyen,7.435965960989047,0.15780489706512146,veineux,1,0.33652126157051554,0
bon,4.258983802819942,2.390895936677277,veineux,1,0.0740031808952052,0
moyen,8.780134076589757,1.3768744912532658,veineux,1,0.30026923093171604,0
bon,5.031236667899206,3.0533732072976854,capillaire,1,0.11331651339781444,0
bon,6.804554347573294,5.544575051979201,capillaire,1,0.08549663740736188,0
moyen,10.089417669583979,13.190831269770115,veineux,1,0.706549746650234,0
bon,8.038567847283538,0.3388537905913437,veineux,1,0.13488118898546705,0
bon,6.021584177055189,0.5579537900974398,veineux,1,0.06660407307084053,0
moyen,9.75756945261076,12.128109436059853,capillaire,1,0.392274597641787,0
moyen,0.28220523999092784,2.1203365730798813,capillaire,1,0.4064116470879907,0
moyen,20.211888098006654,4.857792611879789,veineux,1,0.27891697717463526,0
moyen,16.355078616866688,0.19786103919171966,veineux,1,0.2053138295638949,0
moyen,10.494797100300016,1.0337220774773361,veineux,0,0.38991760294825556,0
bon,5.343678679587063,5.052458853005049,veineux,0,0.053039268625065146,0
bon,6.106502439969567,2.101102329474524,veineux,1,0.14631429274276966,0
bon,2.6488107887502967,0.18954240130102953,arteriel,1,0.05406385837955344,0
mauvais,20.566028821308652,1.131589122348449,veineux,1,0.8796234648244694,1
moyen,12.626774912986098,3.8130697525263852,capillaire,1,0.4094729043401446,0
bon,3.1033039915515985,0.8226016770344057,veineux,1,0.0344162057117383,0
bon,5.926412584198246,1.0292001885304136,veineux,1,0.0,0
mauvais,24.46780102167146,0.2113121205612556,capillaire,1,0.9342335265412293,1
bon,6.696348425333336,1.3724043946869668,capillaire,1,0.07634906956818766,0
moyen,12.527711867087827,8.197059449480866,arteriel,1,0.19127083742999218,0
moyen,10.181809125026223,1.640255962581628,veineux,1,0.3081077494269001,0
moyen,11.125386890259856,1.0630048633456535,veineux,1,0.3188322879976722,0
bon,3.6064563631408504,2.9642020624634955,capillaire,0,0.03237731341811291,0
mauvais,19.381343486142892,7.255585572885687,veineux,1,1.0,1
mauvais,15.207129923712628,2.9235129399663173,veineux,1,1.0,0
moyen,7.757579734413596,0.4089591643018043,veineux,1,0.10528441444692632,0
moyen,9.131935403488255,2.2034261113261393,veineux,1,0.49713398635553685,0
mauvais,21.493596406492337,8.365698567765499,capillaire,1,0.7464189275857074,1
